text,label
"I love this product! It's absolutely amazing and works perfectly!",positive
"This is the worst experience I've ever had. Totally disappointed.",negative
"The weather today is okay, nothing special.",neutral
"Just had the most incredible meal at this restaurant! Highly recommend!",positive
"This movie was a complete waste of time and money.",negative
"Going to the gym today. It is what it is.",neutral
"So happy with my new phone! Best purchase ever!",positive
"Customer service was rude and unhelpful. Never coming back.",negative
"The event was average. Some parts were good, some were bad.",neutral
"Absolutely thrilled with the results! Exceeded all expectations!",positive
"This is terrible. I can't believe how bad this is.",negative
"It was an okay day. Nothing too exciting happened.",neutral
"What a fantastic surprise! I'm over the moon right now!",positive
"Worst service ever. They completely ignored my complaints.",negative
"The product arrived on time. Does what it says.",neutral
"I'm so grateful and happy today! Life is beautiful!",positive
"Disgusting food! I got sick after eating there.",negative
"The movie was fine. Not great, not terrible.",neutral
"This made my day! Thank you so much for the kind words!",positive
"Absolutely furious with this company. They stole my money!",negative
"Meh, it was an average experience overall.",neutral
"Best day ever! Everything went perfectly today!",positive
"This product broke after one use. Complete garbage.",negative
"The concert was decent. Had a few good moments.",neutral
"Feeling amazing and energized today! Ready to conquer the world!",positive
"I hate this so much. Why does everything always go wrong?",negative
"The meeting was okay. Covered what needed to be covered.",neutral
"Overjoyed to announce my promotion! Hard work pays off!",positive
"This is a scam! Do not buy this product!",negative
"It was an alright meal. Nothing to write home about.",neutral
"Loving every moment of this vacation! Pure bliss!",positive
"Constant bugs and crashes. The app is unusable.",negative
"The service was standard. Met basic expectations.",neutral
"Words can't express how happy I am right now!",positive
"This is unacceptable behavior. Very disappointing company.",negative
"The presentation went smoothly. No issues to report.",neutral
"So excited for the weekend! Can't wait to relax!",positive
"Ripped off again! This company has no integrity.",negative
"The delivery was on time. Package was intact.",neutral
"Incredible experience! 10/10 would definitely recommend!",positive
"I'm so angry right now. This is absolutely ridiculous!",negative
"The app works as described. Does its job.",neutral
"Life couldn't be better! Feeling so blessed and grateful!",positive
"The worst company I've ever dealt with. Avoid at all costs!",negative
"Weather is cloudy today. Might rain later.",neutral
"Just got amazing news! Dreams really do come true!",positive
"Total disappointment. Expected much better quality.",negative
"The traffic was normal today. Commute took usual time.",neutral
"So thankful for wonderful friends and family!",positive
"This product is a complete disaster. Wasted my money.",negative
"The restaurant was average. Food was okay.",neutral
